Patient_ID,Category,Date
3830969,ICD10: I48,2013-11
36498701,ICD10: I48,2015-08
69466301,Diabetes,2014-06
1283417,Diabetes,2012-11
875069,ICD10: E11,2012-08
39552752,T2DM,2014-10
40870712,Diabetes,2013-01
73359344,Chronic renal failure,2014-02
10569656,ICD10: N18,2016-07
10057952,Diabetes,2015-12
29222192,CKD,2015-06
463616,A-fib,2012-03
27470297,Diabetes,2015-04
14153021,T2DM,2015-07
70451417,ICD10: I48,2014-09
22244456,CKD,2013-12
23386061,ICD10: E11,2013-03
34496912,A-fib,2013-03
3054512,Diabetes,2015-07
9145817,T2DM,2014-09
48288701,Diabetes,2012-05
7863752,T2DM,2014-07
131312,Diabetes,2015-04
62162381,AF,2014-09
36918461,T2DM,2012-07
20940761,ICD10: E11,2015-10
44121944,ICD10: E11,2014-06
28256552,ICD10: N18,2012-04
47617037,A-fib,2013-05
1271672,AF,2013-07
35130521,ICD10: N18,2012-07
33869069,Diabetes,2012-01
2387261,ICD10: E11,2016-07
64366541,T2DM,2016-04
13079501,T2DM,2014-01
17919677,ICD10: E11,2012-09
954557,Chronic renal failure,2015-09
12072377,AF,2012-03
69986969,AF,2012-03
1997837,Diabetes,2013-12
1142336,A-fib,2014-06
50405672,Diabetes,2012-09
10547144,ICD10: E11,2014-02
45396569,AF,2015-07
15554456,T2DM,2016-02
29334656,ICD10: E11,2016-12
20499257,ICD10: E11,2015-12
38320697,Diabetes,2014-07
36331469,Chronic renal failure,2015-03
795944,Chronic renal failure,2014-12
5821616,CKD,2012-10
209357,ICD10: E11,2013-10
46997561,AF,2016-03
32967944,AF,2013-07
7873469,T2DM,2014-03
28979261,Diabetes,2016-11
54468632,A-fib,2013-07
1441016,Chronic renal failure,2012-08
32373944,ICD10: E11,2016-10
12954521,AF,2016-11
16300952,Diabetes,2012-04
29428541,Chronic renal failure,2012-03
14969,Diabetes,2012-07
6186557,ICD10: E11,2016-07
5838344,CKD,2016-12
4953944,Chronic renal failure,2012-12
2022392,ICD10: E11,2012-09
10580921,T2DM,2012-01
30931832,ICD10: E11,2012-03
66524312,T2DM,2016-09
1877312,ICD10: I48,2015-08
19892144,ICD10: E11,2015-03
11209736,A-fib,2014-12
839792,Diabetes,2014-05
43138061,ICD10: E11,2013-08
391232,ICD10: E11,2015-07
21708569,Diabetes,2015-09
4349117,Diabetes,2013-01
64728344,ICD10: I48,2014-12
2639801,AF,2015-11
10301096,Diabetes,2014-10
9741881,Chronic renal failure,2013-05
28330256,ICD10: N18,2015-01
63177032,Diabetes,2015-06
8731577,CKD,2013-04
3352016,T2DM,2012-11
9687896,Diabetes,2015-09
783632,CKD,2013-12
1080269,A-fib,2012-04
66044861,ICD10: N18,2015-03
1267769,ICD10: N18,2012-01
59434472,ICD10: E11,2015-04
32749517,T2DM,2012-11
17064944,ICD10: I48,2013-03
39770912,Diabetes,2016-10
223856,Diabetes,2016-07
15732569,Diabetes,2014-12
2162672,A-fib,2014-06
56117144,A-fib,2013-09
33929576,ICD10: E11,2015-12
54878456,Diabetes,2013-10
3912761,Diabetes,2016-04
56846096,ICD10: I48,2015-06
5863481,Diabetes,2016-03
52744016,T2DM,2014-01
6571469,Chronic renal failure,2013-08
19984952,ICD10: N18,2015-01
3899069,AF,2016-10
2424872,ICD10: E11,2014-10
7357337,Diabetes,2013-11
17890361,Diabetes,2015-08
292301,A-fib,2013-02
14639312,CKD,2012-09
1037501,T2DM,2016-11
18125561,CKD,2014-11
38363597,AF,2012-02
36352352,Chronic renal failure,2014-01
16893656,T2DM,2013-05
2690696,A-fib,2016-12
66524312,ICD10: I48,2015-05
16105736,ICD10: I48,2013-04
23587517,ICD10: I48,2016-08
8803376,A-fib,2014-05
47904317,ICD10: E11,2015-11
14010032,ICD10: E11,2014-09
24590576,ICD10: E11,2014-02
2668016,T2DM,2014-12
29692217,ICD10: E11,2016-01
33707981,AF,2015-10
1248344,ICD10: I48,2016-04
42661592,T2DM,2016-10
210944,ICD10: E11,2016-05
6177944,ICD10: E11,2015-03
36855344,Chronic renal failure,2016-12
10580921,Chronic renal failure,2014-04
54698969,A-fib,2016-04
132569,T2DM,2012-11
24745421,T2DM,2015-03
1424432,AF,2012-10
47235341,Diabetes,2014-01
61562969,Chronic renal failure,2015-01
34639481,AF,2016-04
19599677,T2DM,2016-04
40649552,Diabetes,2013-10
1797497,ICD10: E11,2014-06
8138096,A-fib,2015-06
2958416,ICD10: I48,2013-02
15187769,AF,2015-12
48747152,Chronic renal failure,2012-01
71414192,CKD,2014-10
2344637,Diabetes,2016-08
27072317,ICD10: E11,2013-11
11431181,A-fib,2014-12
74073152,T2DM,2012-02
152144,Diabetes,2016-07
621344,A-fib,2013-02
52593176,CKD,2013-11
32928176,T2DM,2016-02
8277032,ICD10: E11,2014-11
18436592,T2DM,2013-11
60507512,Diabetes,2016-08
38085176,T2DM,2013-04
7555976,T2DM,2013-04
589016,ICD10: I48,2014-03
29016569,AF,2012-09
10401401,T2DM,2013-10
4327472,ICD10: E11,2013-02
2365901,ICD10: N18,2012-12
72589952,A-fib,2014-12
1669817,ICD10: E11,2012-03
11702144,ICD10: E11,2013-09
27379592,ICD10: E11,2014-09
55599344,ICD10: N18,2013-11
72344,T2DM,2012-03
18615512,ICD10: N18,2016-12
34232921,ICD10: E11,2016-10
3505952,CKD,2015-02
39074912,T2DM,2014-01
72560441,T2DM,2012-06
67431512,Chronic renal failure,2014-11
52467641,ICD10: I48,2016-12
30605177,ICD10: E11,2016-08
60453632,ICD10: E11,2016-10
410969,A-fib,2012-10
17787944,T2DM,2014-01
9388352,T2DM,2014-10
789776,ICD10: E11,2013-12
16709069,Diabetes,2016-04
305552,Diabetes,2012-05
40760057,Diabetes,2016-05
499661,Diabetes,2012-05
1774352,A-fib,2014-08
12792944,ICD10: E11,2015-03
8447321,ICD10: N18,2012-11
31765817,A-fib,2012-01
28774496,A-fib,2012-08
24590576,CKD,2013-02
64172144,ICD10: E11,2016-05
65342936,A-fib,2013-08
35728472,Diabetes,2015-08
22572416,Chronic renal failure,2015-02
69755321,Chronic renal failure,2012-11
47330621,T2DM,2013-02
15214781,Diabetes,2015-11
5779901,ICD10: E11,2013-05
11140256,AF,2014-12
1929881,Diabetes,2014-06
67516877,T2DM,2016-02
43846256,Chronic renal failure,2016-01
65175032,ICD10: E11,2013-11
49694969,CKD,2015-11
15622841,ICD10: E11,2012-03
2828792,T2DM,2016-01
12830141,ICD10: N18,2015-05
29259656,Chronic renal failure,2013-07
1005992,Diabetes,2013-08
61508621,ICD10: I48,2012-03
31609817,ICD10: E11,2016-02
28330256,T2DM,2012-07
3756752,Diabetes,2016-10
1291277,T2DM,2016-06
1123901,T2DM,2012-05
73359344,ICD10: E11,2015-04
31454201,T2DM,2013-03
43915097,Diabetes,2013-12
1723961,Diabetes,2012-05
68316221,ICD10: E11,2012-07
11466344,AF,2016-11
12607769,T2DM,2013-06
26267312,ICD10: E11,2014-01
290432,T2DM,2016-09
58265216,A-fib,2016-12
53374841,ICD10: N18,2015-05
55058237,CKD,2016-10
48168416,ICD10: N18,2012-02
126344,ICD10: E11,2015-07
13534397,Chronic renal failure,2014-03
58133081,AF,2016-09
58981337,T2DM,2016-02
23942144,Chronic renal failure,2014-09
16022432,AF,2013-04
11678456,T2DM,2014-08
6642701,AF,2014-07
69322016,Diabetes,2014-01
44144957,Diabetes,2012-12
72295112,Diabetes,2015-09
63563096,T2DM,2012-09
6006944,T2DM,2015-01
37065944,A-fib,2015-01
264896,T2DM,2014-10
20311481,Diabetes,2013-03
61291469,ICD10: E11,2016-03
9145817,ICD10: I48,2012-05
26054696,ICD10: E11,2013-07
3783656,CKD,2016-10
64644761,Diabetes,2016-02
42616352,A-fib,2014-10
105176,T2DM,2016-10
65370941,Chronic renal failure,2016-08
22720781,ICD10: E11,2012-08
20405261,Chronic renal failure,2013-08
440336,ICD10: E11,2013-08
2713472,ICD10: E11,2012-12
39989672,Diabetes,2016-01
729416,Diabetes,2013-01
34680269,ICD10: E11,2014-05
12168857,ICD10: N18,2015-11
15925517,CKD,2013-07
25112,A-fib,2015-03
72030269,AF,2012-08
47497592,T2DM,2014-08
54085817,ICD10: E11,2012-07
61807832,T2DM,2012-05
51468761,ICD10: I48,2016-09
47832416,ICD10: E11,2016-02
29957069,ICD10: N18,2014-05
9796016,Diabetes,2013-02
32177144,ICD10: E11,2015-06
11583944,Chronic renal failure,2016-12
1598969,ICD10: I48,2012-06
11466344,ICD10: E11,2014-05
20436569,A-fib,2013-03
413192,A-fib,2012-08
5804912,ICD10: E11,2014-02
35294969,CKD,2014-06
55857944,ICD10: E11,2012-01
8118344,ICD10: E11,2013-04
39902096,A-fib,2012-01
72236216,A-fib,2014-03
25073912,ICD10: N18,2016-06
23419577,ICD10: N18,2015-01
9484121,Diabetes,2014-04
1863101,A-fib,2016-09
10345616,ICD10: I48,2016-10
21805517,Diabetes,2012-05
8128217,Diabetes,2012-05
52267097,Diabetes,2012-12
1457696,CKD,2016-09
27361469,T2DM,2013-08
46926344,AF,2012-01
34456232,T2DM,2015-08
15760061,Chronic renal failure,2014-05
1030457,ICD10: N18,2015-10
154856,T2DM,2015-02
657341,T2DM,2015-12
2042144,ICD10: E11,2016-06
47045069,ICD10: E11,2015-12
1232912,ICD10: I48,2014-11
29109944,T2DM,2014-11
30089936,ICD10: E11,2015-12
54827144,ICD10: E11,2016-08
22770344,CKD,2016-05
66892121,ICD10: I48,2014-07
2122112,AF,2015-06
204632,ICD10: E11,2015-05
24573401,T2DM,2014-05
39902096,Diabetes,2016-12
12024281,ICD10: E11,2012-04
81944,ICD10: I48,2012-04
29824496,T2DM,2016-02
6186557,ICD10: I48,2014-02
14945741,CKD,2015-03
9020537,ICD10: N18,2012-01
67773296,T2DM,2015-07
1929881,ICD10: I48,2016-03
9850301,Chronic renal failure,2016-11
858944,A-fib,2012-11
12706361,ICD10: I48,2013-01
61617341,ICD10: N18,2014-12
2690696,ICD10: E11,2015-08
9271961,ICD10: I48,2012-06
1802144,T2DM,2016-11
8793101,CKD,2012-02
27688601,T2DM,2014-04
41940632,ICD10: E11,2012-12
2183096,Chronic renal failure,2016-09
2297,ICD10: E11,2012-02
52041944,Diabetes,2015-09
10190216,ICD10: E11,2012-12
3899069,ICD10: E11,2016-01
62709821,T2DM,2012-12
55547696,Chronic renal failure,2016-02
52920269,AF,2016-03
72974141,ICD10: E11,2014-09
24952637,Diabetes,2013-07
1696781,ICD10: I48,2014-02
68746376,T2DM,2012-05
3054512,A-fib,2016-04
47116376,CKD,2013-12
38578457,Diabetes,2016-06
38277821,A-fib,2013-11
657341,AF,2015-06
50331917,Diabetes,2016-02
29711096,T2DM,2012-12
48940832,T2DM,2013-12
61535792,ICD10: E11,2014-01
31298969,A-fib,2012-07
4969376,A-fib,2014-07
44861336,ICD10: N18,2013-08
416,T2DM,2012-05
292301,ICD10: E11,2014-11
245657,ICD10: E11,2015-06
9093512,A-fib,2016-12
2759312,T2DM,2016-07
15053069,T2DM,2015-06
18199376,AF,2014-12
10356761,ICD10: E11,2014-05
16964921,AF,2012-04
24779897,ICD10: E11,2015-05
98552,CKD,2014-01
52920269,Diabetes,2016-12
6368816,CKD,2016-12
54698969,Chronic renal failure,2016-11
39356921,ICD10: E11,2014-02
3428552,AF,2012-08
10990457,A-fib,2013-05
12595472,CKD,2012-02
58529936,Diabetes,2016-08
11454617,ICD10: E11,2016-07
2167769,Diabetes,2013-05
67801817,ICD10: E11,2013-10
402137,CKD,2016-09
44029952,T2DM,2016-01
10547144,Chronic renal failure,2016-05
39053261,A-fib,2014-11
1252217,ICD10: N18,2014-04
18675344,T2DM,2015-02
891344,T2DM,2012-05
2193344,ICD10: I48,2015-08
54981152,T2DM,2014-02
9516152,Chronic renal failure,2012-06
4823741,T2DM,2014-11
30989657,Diabetes,2013-06
33447032,A-fib,2012-03
11069,ICD10: E11,2014-02
171632,Diabetes,2015-06
16610096,ICD10: E11,2016-08
22473776,Diabetes,2012-07
45163469,CKD,2014-01
27962696,Chronic renal failure,2015-01
39335192,T2DM,2016-01
39248336,Diabetes,2015-04
578432,Diabetes,2012-06
18735272,Chronic renal failure,2012-02
64839872,ICD10: E11,2014-01
10079936,ICD10: E11,2013-06
7584569,T2DM,2014-05
46642016,AF,2013-10
19081721,ICD10: E11,2016-03
15650237,Chronic renal failure,2013-02
52317197,Chronic renal failure,2013-12
29635616,ICD10: E11,2014-04
1225232,ICD10: E11,2015-10
43411517,Diabetes,2012-05
31707272,Chronic renal failure,2016-05
1603352,ICD10: I48,2013-04
31961357,ICD10: E11,2015-11
47952281,AF,2016-03
56298941,ICD10: N18,2013-07
31221497,Diabetes,2015-02
10090937,Chronic renal failure,2016-10
16050176,Diabetes,2013-12
54264296,Diabetes,2015-03
9731072,ICD10: E11,2014-03
29091257,ICD10: E11,2015-12
59514617,Diabetes,2012-01
60750269,T2DM,2013-10
8649881,T2DM,2013-12
21115496,ICD10: E11,2014-03
62627552,Diabetes,2014-03
49572944,ICD10: N18,2015-07
40099277,CKD,2015-04
10446137,AF,2016-09
9010136,Diabetes,2012-08
25596992,ICD10: E11,2016-10
1041032,Diabetes,2016-01
24918041,ICD10: E11,2014-01
823997,ICD10: E11,2012-11
25125977,Diabetes,2015-06
32275469,CKD,2015-11
357344,ICD10: N18,2013-05
5973032,CKD,2013-05
48192461,CKD,2013-05
8376992,ICD10: I48,2012-03
13496192,ICD10: I48,2012-12
4785776,AF,2015-03
16022432,T2DM,2014-05
116696,T2DM,2016-12
4064957,ICD10: I48,2015-02
852536,AF,2014-10
23486681,T2DM,2016-09
39574541,T2DM,2012-09
14546681,Diabetes,2012-03
14665832,Diabetes,2012-10
5614541,AF,2012-07
15980861,CKD,2016-03
52492736,ICD10: E11,2013-06
55987469,ICD10: I48,2012-03
70306112,ICD10: E11,2014-01
32275469,ICD10: E11,2014-10
156221,Diabetes,2012-04
13521656,ICD10: E11,2013-02
37957016,ICD10: E11,2016-05
71414192,Diabetes,2016-05
17366777,T2DM,2016-12
5427344,ICD10: E11,2012-04
69986969,T2DM,2012-01
15650237,ICD10: E11,2014-06
1678781,A-fib,2012-09
69264344,ICD10: E11,2012-07
32078969,T2DM,2013-05
2086937,Diabetes,2014-08
43343072,T2DM,2014-12
33527216,T2DM,2012-10
28311821,AF,2016-10
74341721,T2DM,2015-09
17323496,Chronic renal failure,2015-12
25984016,CKD,2012-08
10212344,T2DM,2014-09
65342936,CKD,2014-01
3232601,Diabetes,2012-08
5411216,T2DM,2015-06
2017469,Diabetes,2013-08
18184601,CKD,2014-12
51344576,Diabetes,2012-09
8039576,Diabetes,2013-05
6571469,T2DM,2015-10
10502192,A-fib,2015-10
26480792,ICD10: N18,2014-01
34659872,ICD10: E11,2014-10
6075056,Diabetes,2013-12
25807736,Diabetes,2012-04
49402361,AF,2016-09
69929021,ICD10: E11,2012-07
1665344,A-fib,2014-02
1925072,ICD10: N18,2014-06
25825337,Diabetes,2016-10
1783592,Diabetes,2012-12
50948192,Diabetes,2015-05
511976,Chronic renal failure,2014-11
37425341,Diabetes,2012-03
2994272,A-fib,2012-01
2690696,ICD10: N18,2014-07
9303632,ICD10: E11,2015-11
1877312,T2DM,2015-06
18840377,ICD10: E11,2013-01
135101,T2DM,2014-12
20311481,ICD10: I48,2016-01
36122969,ICD10: E11,2013-02
60372857,T2DM,2014-05
34496912,CKD,2012-02
12460601,Chronic renal failure,2016-04
46397,ICD10: E11,2013-06
39661757,ICD10: E11,2013-05
61318592,ICD10: I48,2012-02
294176,ICD10: E11,2015-12
8000336,ICD10: E11,2012-02
14401712,T2DM,2012-08
34374944,Diabetes,2012-01
21451097,A-fib,2015-04
49866056,A-fib,2013-12
3617081,ICD10: E11,2014-01
59114432,Diabetes,2012-09
50184569,AF,2013-12
19157456,ICD10: E11,2012-05
8000336,ICD10: I48,2013-02
43457177,Diabetes,2015-11
12979469,T2DM,2013-07
41381657,AF,2015-08
1051661,ICD10: N18,2014-06
21902681,ICD10: E11,2012-10
5589944,CKD,2012-03
64644761,ICD10: N18,2015-11
20062457,ICD10: N18,2013-11
32868569,ICD10: E11,2012-02
72442457,A-fib,2013-11
694352,Chronic renal failure,2015-01
22671272,T2DM,2014-03
41292569,Diabetes,2014-09
23102144,ICD10: E11,2013-10
39009977,A-fib,2015-10
1206137,ICD10: E11,2016-12
4946237,Diabetes,2012-12
165944,ICD10: E11,2016-04
3164456,Diabetes,2013-09
36792281,CKD,2012-04
24607757,T2DM,2015-03
11785241,ICD10: N18,2016-10
2198477,T2DM,2016-08
40915016,Diabetes,2016-01
38945096,ICD10: E11,2012-08
2270969,Chronic renal failure,2014-06
15445352,ICD10: E11,2015-02
80957,T2DM,2016-05
45396569,Chronic renal failure,2013-12
74880317,ICD10: E11,2016-07
70946576,CKD,2013-08
5816,Chronic renal failure,2014-11
17395661,ICD10: I48,2012-09
50479481,T2DM,2016-10
59648312,CKD,2013-07
442637,AF,2014-06
35109992,Diabetes,2015-06
23419577,Diabetes,2013-06
4605632,AF,2015-12
15241817,Chronic renal failure,2014-03
50651912,ICD10: E11,2013-09
70771616,T2DM,2012-04
1788221,AF,2015-05
43160816,T2DM,2015-12
549821,T2DM,2013-02
22440944,Diabetes,2015-03
25422032,Diabetes,2013-10
2970344,T2DM,2013-09
67830344,T2DM,2013-01
73983737,ICD10: E11,2015-11
4057976,ICD10: E11,2013-02
6447737,ICD10: I48,2012-03
18258536,T2DM,2016-06
68631536,ICD10: E11,2013-09
36792281,T2DM,2014-09
53046344,T2DM,2014-06
17949017,Diabetes,2013-07
22260797,T2DM,2013-07
72530936,T2DM,2014-11
127577,Diabetes,2012-12
9420221,ICD10: E11,2012-06
1275581,AF,2016-11
53933069,Diabetes,2015-02
74132792,Chronic renal failure,2014-10
68287592,CKD,2013-02
365672,CKD,2012-10
49402361,Diabetes,2015-05
1299161,AF,2016-02
23705432,Diabetes,2016-02
15147296,ICD10: E11,2016-04
65567144,ICD10: I48,2012-08
15363776,T2DM,2013-04
1891577,T2DM,2015-12
11820944,ICD10: E11,2016-03
11128697,AF,2015-01
28459469,ICD10: E11,2014-03
1391552,Diabetes,2015-07
9709472,CKD,2013-06
21531392,Diabetes,2016-11
13534397,T2DM,2016-04
39204944,T2DM,2015-11
3152144,AF,2015-01
29938112,T2DM,2015-08
35912,ICD10: N18,2015-01
34314041,Chronic renal failure,2014-04
1546841,AF,2015-06
621344,ICD10: E11,2012-03
34293752,ICD10: E11,2013-06
2840456,Diabetes,2014-05
1592,T2DM,2013-12
44306216,ICD10: E11,2013-09
21870269,ICD10: E11,2014-07
19263737,ICD10: E11,2016-07
18155069,Diabetes,2012-11
2869721,CKD,2015-09
24762656,CKD,2016-07
3603917,ICD10: E11,2013-04
54596537,A-fib,2016-03
33107321,ICD10: N18,2012-09
13790477,ICD10: E11,2015-02
3953981,Diabetes,2014-08
5589944,Diabetes,2013-12
8128217,AF,2014-01
14999357,Chronic renal failure,2014-06
5085881,ICD10: N18,2013-02
11820944,ICD10: I48,2014-05
1755944,ICD10: I48,2012-06
52517837,T2DM,2016-04
665792,AF,2012-06
12096461,ICD10: E11,2014-11
570557,Chronic renal failure,2016-03
2042144,Chronic renal failure,2013-01
2307656,T2DM,2015-07
2147417,Diabetes,2013-05
27579341,AF,2015-01
6922352,ICD10: E11,2013-02
30643517,A-fib,2012-11
1551152,AF,2016-05
19645712,ICD10: E11,2012-08
46311392,T2DM,2014-08
23035592,T2DM,2013-03
54904121,T2DM,2012-10
29843417,ICD10: E11,2014-01
632312,ICD10: E11,2015-07
8896121,Chronic renal failure,2013-05
4370816,CKD,2013-10
17875712,ICD10: E11,2013-12
73181432,ICD10: I48,2014-07
964736,ICD10: E11,2016-06
61101776,ICD10: N18,2016-12
4838969,ICD10: E11,2012-09
24248216,T2DM,2015-11
107432,ICD10: I48,2013-02
52542944,CKD,2015-05
3736637,ICD10: E11,2013-06
37467737,T2DM,2014-12
22490201,CKD,2015-11
780569,T2DM,2016-06
52794344,ICD10: E11,2016-02
66439577,CKD,2015-08
23501,AF,2013-01
3797144,T2DM,2014-07
50799944,A-fib,2013-06
58848392,ICD10: I48,2016-04
4900121,Diabetes,2015-12
1436861,ICD10: E11,2012-03
25178096,ICD10: I48,2016-04
73715816,Chronic renal failure,2016-01
5093696,T2DM,2016-09
999056,CKD,2013-11
35130521,ICD10: E11,2012-11
43469,T2DM,2012-07
11832857,Diabetes,2015-03
2651069,ICD10: I48,2013-02
2270969,T2DM,2014-10
32809016,A-fib,2016-01
36310592,Chronic renal failure,2013-02
51967001,ICD10: E11,2014-08
14969,AF,2013-04
73003736,A-fib,2016-08
613181,T2DM,2015-02
36435944,A-fib,2013-12
50110976,AF,2016-01
11117144,ICD10: E11,2016-07
13268096,Diabetes,2015-06
16384976,ICD10: N18,2013-07
60993512,Chronic renal failure,2014-10
17294672,Diabetes,2012-10
56689496,ICD10: N18,2013-03
43343072,AF,2015-11
32236121,ICD10: I48,2014-02
12706361,ICD10: N18,2012-06
57500921,ICD10: E11,2015-07
63867257,A-fib,2012-04
16427069,T2DM,2015-11
39031616,ICD10: E11,2012-05
18317792,Chronic renal failure,2015-02
37108136,T2DM,2015-08
738317,A-fib,2014-06
170201,ICD10: E11,2016-11
59912,ICD10: I48,2015-05
59969792,ICD10: N18,2012-06
2349944,Chronic renal failure,2015-06
36813296,Diabetes,2012-02
36519632,ICD10: E11,2013-09
14878856,ICD10: E11,2016-02
41314832,A-fib,2014-09
24436217,ICD10: E11,2014-10
1263872,ICD10: E11,2016-08
61074701,ICD10: N18,2014-09
13483469,AF,2016-04
32749517,CKD,2016-05
21854072,Diabetes,2013-01
2127161,T2DM,2012-03
25195481,CKD,2014-03
27018272,T2DM,2015-08
71238656,ICD10: E11,2016-07
24693752,Diabetes,2012-12
5211641,Diabetes,2015-03
6430157,A-fib,2014-11
19233341,Diabetes,2014-10
19416077,AF,2016-08
552392,ICD10: I48,2014-03
2177981,ICD10: E11,2014-02
39727232,ICD10: I48,2012-03
12411737,ICD10: E11,2015-01
1910681,T2DM,2015-05
22375352,A-fib,2013-07
46005437,T2DM,2015-09
45747344,Diabetes,2014-12
10412576,ICD10: I48,2016-02
41092472,ICD10: N18,2014-12
53450792,Chronic renal failure,2015-01
648944,Chronic renal failure,2013-08
16497344,ICD10: I48,2015-02
13496192,Diabetes,2016-12
7394969,T2DM,2015-02
15801344,Diabetes,2014-07
177416,Chronic renal failure,2013-03
5338937,ICD10: I48,2015-09
1886816,T2DM,2013-07
42120296,T2DM,2016-01
15228296,ICD10: E11,2014-02
173069,ICD10: E11,2016-10
28036016,ICD10: N18,2015-08
39880217,T2DM,2014-08
9741881,Diabetes,2012-03
74580857,ICD10: I48,2013-09
52869881,T2DM,2013-09
19142297,AF,2013-05
69842144,ICD10: E11,2016-08
49499801,ICD10: E11,2013-05
12805337,ICD10: N18,2013-06
25948712,Diabetes,2012-11
9345944,Diabetes,2012-02
6849632,ICD10: E11,2016-06
51146192,Diabetes,2012-02
50479481,A-fib,2016-05
2462777,A-fib,2013-06
817721,Chronic renal failure,2015-05
1441016,ICD10: I48,2015-06
23319101,ICD10: E11,2015-03
11928377,ICD10: E11,2015-01
2656712,T2DM,2016-09
21708569,AF,2015-11
6607037,Diabetes,2012-08
56924477,ICD10: N18,2012-02
313256,Chronic renal failure,2015-04
485081,Diabetes,2016-10
40143161,T2DM,2016-06
2239757,AF,2014-02
3314072,ICD10: N18,2016-03
6885944,Chronic renal failure,2016-05
3577661,T2DM,2016-11
31590344,Diabetes,2014-11
7310432,AF,2014-11
2875592,ICD10: E11,2014-05
1359056,CKD,2012-02
1882061,T2DM,2013-09
1525376,T2DM,2014-03
648944,Diabetes,2014-03
31260221,ICD10: E11,2013-12
12780557,Diabetes,2015-11
28997912,ICD10: I48,2015-01
52242056,Diabetes,2012-04
57737576,Diabetes,2013-10
40099277,ICD10: E11,2012-10
10784717,ICD10: E11,2012-11
51344576,ICD10: N18,2016-06
12557,A-fib,2013-09
10659944,Diabetes,2013-05
12966992,Diabetes,2013-02
8711117,ICD10: E11,2015-06
59221016,ICD10: E11,2014-05
76112,ICD10: E11,2012-07
27633944,ICD10: E11,2016-03
5306969,CKD,2013-08
12338621,ICD10: E11,2014-06
18125561,ICD10: E11,2012-05
20735192,Chronic renal failure,2013-12
64811981,Chronic renal failure,2016-07
56846096,Diabetes,2013-06
22097657,ICD10: E11,2014-11
7170617,A-fib,2012-04
8316944,ICD10: N18,2016-01
3115352,Diabetes,2016-05
68631536,AF,2012-10
28867481,ICD10: N18,2014-11
31551416,ICD10: N18,2013-01
1383392,AF,2012-11
22195469,T2DM,2013-09
14852144,A-fib,2012-11
11198141,T2DM,2014-07
1412057,Chronic renal failure,2013-10
39443897,T2DM,2016-03
49378016,T2DM,2012-07
35832077,Diabetes,2014-05
2339336,ICD10: E11,2015-01
16342937,T2DM,2013-02
2349944,T2DM,2014-05
26214077,ICD10: E11,2012-11
33969944,ICD10: I48,2015-10
18184601,Diabetes,2013-08
1461881,T2DM,2012-10
1142336,CKD,2015-12
296,Chronic renal failure,2016-09
28385597,ICD10: E11,2012-08
68516792,T2DM,2012-11
40384952,ICD10: E11,2012-02
24231161,Diabetes,2016-12
59862536,ICD10: E11,2014-03
62477,Diabetes,2012-10
1149752,Diabetes,2014-07
4740416,T2DM,2016-05
5573576,AF,2016-11
43777469,T2DM,2015-07
21918896,Chronic renal failure,2016-07
39792761,ICD10: E11,2014-05
37002701,CKD,2016-08
37914344,Diabetes,2016-07
679997,Diabetes,2015-11
1737632,CKD,2016-05
2183096,AF,2012-01
7198472,ICD10: E11,2014-10
67687769,ICD10: I48,2016-04
3000269,T2DM,2014-07
35977376,A-fib,2015-10
44075936,ICD10: I48,2014-06
13356569,T2DM,2013-06
1774352,ICD10: E11,2014-10
9124877,ICD10: E11,2012-10
46831472,ICD10: E11,2013-11
72737597,T2DM,2016-02
33929576,Chronic renal failure,2012-09
49524176,T2DM,2013-01
60804281,ICD10: E11,2013-02
67232537,CKD,2013-07
22032569,T2DM,2013-09
4205837,ICD10: E11,2015-01
13293344,Diabetes,2016-07
954557,ICD10: I48,2014-03
21051872,ICD10: E11,2012-06
6642701,ICD10: E11,2013-04
3345677,A-fib,2015-02
65091161,CKD,2015-11
30394736,T2DM,2013-09
9166781,Diabetes,2016-10
9041357,ICD10: N18,2016-06
5379032,Diabetes,2016-11
3650096,Diabetes,2013-09
1026944,ICD10: E11,2012-10
53096816,T2DM,2013-08
8690681,Chronic renal failure,2012-12
705944,A-fib,2014-04
1559792,ICD10: I48,2014-01
21259001,T2DM,2012-07
21547469,A-fib,2016-09
3460697,ICD10: E11,2012-06
38513936,AF,2016-04
45047144,ICD10: I48,2014-05
55754432,ICD10: N18,2013-07
15746312,A-fib,2012-08
41850944,Diabetes,2012-02
49914992,Diabetes,2013-05
42774797,Chronic renal failure,2016-06
497216,Diabetes,2013-09
10693901,T2DM,2015-05
13192496,T2DM,2012-12
34111421,A-fib,2013-10
9271961,ICD10: E11,2016-06
4785776,ICD10: N18,2015-05
2408717,ICD10: E11,2012-01
2539469,ICD10: E11,2015-04
6913241,AF,2016-08
660152,T2DM,2015-02
61372856,Diabetes,2016-12
38837081,T2DM,2012-04
2473661,ICD10: E11,2015-04
995597,ICD10: N18,2012-01
30394736,ICD10: I48,2015-01
1555469,Diabetes,2016-12
823997,CKD,2013-04
27216701,Diabetes,2014-02
2905037,ICD10: E11,2015-07
20405261,A-fib,2015-03
17064944,T2DM,2013-05
3810656,AF,2016-01
67858877,T2DM,2014-05
32717,A-fib,2014-08
39422144,T2DM,2013-07
8326937,T2DM,2014-02
46831472,Chronic renal failure,2014-11
23942144,AF,2014-12
31415357,ICD10: N18,2015-06
22539512,Diabetes,2015-04
3750041,ICD10: I48,2013-01
11801,ICD10: N18,2013-11
941069,T2DM,2015-08
8599016,Diabetes,2015-02
25702256,T2DM,2014-08
50504096,T2DM,2014-12
19461896,CKD,2012-03
11070992,Diabetes,2013-11
50258216,Diabetes,2016-11
57684944,ICD10: E11,2013-08
9904736,Diabetes,2016-07
74162621,ICD10: E11,2015-11
39313469,T2DM,2016-08
53653592,Diabetes,2015-09
6831512,ICD10: I48,2015-10
54366416,T2DM,2014-12
7472,ICD10: E11,2014-06
53096816,CKD,2015-10
67374632,ICD10: N18,2016-09
47928296,T2DM,2015-07
54801497,ICD10: E11,2013-01
1416176,AF,2014-08
69264344,ICD10: I48,2012-01
19492472,T2DM,2012-10
52016957,ICD10: I48,2014-05
23739176,AF,2015-01
789776,ICD10: N18,2016-08
70451417,Diabetes,2013-09
33627581,Chronic renal failure,2013-02
10323344,Diabetes,2012-02
65707469,ICD10: E11,2015-12
7575032,T2DM,2016-03
20640656,ICD10: E11,2013-11
63673616,ICD10: E11,2012-06
22424537,AF,2014-12
29147336,T2DM,2014-07
907769,Diabetes,2015-12
3577661,CKD,2016-06
7198472,ICD10: N18,2013-04
57948344,T2DM,2012-01
67659272,ICD10: E11,2016-03
47068832,ICD10: E11,2012-04
2419481,Diabetes,2013-08
58901552,T2DM,2013-08
15295961,Diabetes,2014-12
14652569,ICD10: N18,2014-02
65539097,Chronic renal failure,2012-07
66044861,T2DM,2016-08
38793917,T2DM,2016-07
39291752,ICD10: E11,2013-07
36206297,Diabetes,2016-01
12583181,Diabetes,2016-12
22391741,T2DM,2014-10
61101776,Diabetes,2014-12
3967769,Diabetes,2014-03
17919677,Chronic renal failure,2016-06
61345721,ICD10: E11,2014-02
8639696,AF,2014-07
6049469,ICD10: E11,2012-08
21757016,Diabetes,2016-12
34476569,T2DM,2015-10
61616,ICD10: E11,2015-04
6264344,Chronic renal failure,2014-11
47330621,ICD10: N18,2013-10
5730041,ICD10: N18,2013-04
8813657,Diabetes,2012-07
1420301,T2DM,2013-06
13419944,Diabetes,2014-01
16765757,T2DM,2014-04
13458041,T2DM,2013-05
63756569,Diabetes,2015-06
4030112,ICD10: E11,2016-12
65791736,ICD10: E11,2013-01
33147197,Diabetes,2012-08
7815257,T2DM,2015-02
3060569,T2DM,2013-05
27452144,ICD10: E11,2014-10
5549069,T2DM,2013-03
4436237,ICD10: E11,2014-09
8660072,AF,2015-12
53147312,A-fib,2012-09
20046944,Diabetes,2013-12
1403837,A-fib,2012-11
16922144,ICD10: E11,2012-05
49719392,ICD10: E11,2016-03
270269,CKD,2012-08
66693944,ICD10: E11,2015-03
20264672,ICD10: I48,2012-06
53933069,ICD10: N18,2012-08
61128857,T2DM,2015-12
4016216,A-fib,2012-06
16231097,T2DM,2015-10
60669296,T2DM,2016-12
26409536,Diabetes,2013-03
1834841,AF,2015-04
36939512,Diabetes,2015-12
10412576,ICD10: E11,2013-12
13997069,Diabetes,2014-07
11988272,T2DM,2012-07
68287592,T2DM,2015-09
2583821,T2DM,2016-05
5846717,ICD10: E11,2012-08
465977,ICD10: I48,2013-07
35501069,Diabetes,2016-04
11525069,A-fib,2013-07
307469,ICD10: E11,2013-10
38106557,ICD10: E11,2013-04
31481,CKD,2012-04
6040952,ICD10: E11,2014-02
38363597,ICD10: E11,2013-06
16203197,Diabetes,2016-06
32690072,T2DM,2015-05
47354456,Diabetes,2014-07
23874392,ICD10: I48,2013-05
69813197,Diabetes,2016-05
2611736,ICD10: E11,2012-11
8267069,T2DM,2013-03
32868569,AF,2013-04
25056569,AF,2014-11
3170621,T2DM,2013-06
24248216,A-fib,2015-08
19309376,A-fib,2014-07
27361469,CKD,2012-06
21708569,CKD,2014-08
5180057,Diabetes,2015-11
29824496,ICD10: N18,2014-01
47904317,ICD10: I48,2015-02
951176,ICD10: E11,2016-08
56455001,ICD10: E11,2014-07
73092557,Diabetes,2015-11
102944,A-fib,2012-02
18056,Chronic renal failure,2014-11
4816136,A-fib,2013-02
376217,Diabetes,2016-03
50627261,AF,2013-12
33969944,ICD10: E11,2015-11
46784072,Chronic renal failure,2012-06
23756057,Diabetes,2015-09
3723257,ICD10: E11,2012-01
475481,Diabetes,2013-05
50110976,T2DM,2012-03
1395641,T2DM,2016-09
50577977,CKD,2013-11
2863856,T2DM,2015-03
5581757,ICD10: I48,2015-09
7737977,Diabetes,2012-09
21338936,T2DM,2015-10
5821616,A-fib,2012-07
21419021,Chronic renal failure,2012-03
9839432,T2DM,2014-07
1958861,ICD10: E11,2013-03
3656717,ICD10: E11,2013-12
345032,ICD10: E11,2016-03
3531944,Diabetes,2013-08
1232912,T2DM,2015-07
42571136,ICD10: E11,2016-01
4370816,ICD10: E11,2012-04
59648312,T2DM,2012-02
48577997,ICD10: E11,2014-02
39944,ICD10: E11,2013-12
23570696,T2DM,2014-08
5411216,ICD10: I48,2012-06
9017,Diabetes,2012-07
38923481,ICD10: I48,2014-09
5395112,T2DM,2014-08
1221401,ICD10: N18,2012-03
53552144,Chronic renal failure,2014-06
38149337,ICD10: I48,2013-08
39139901,Diabetes,2014-09
10090937,Diabetes,2016-11
7413821,A-fib,2016-11
428921,A-fib,2012-08
73924157,CKD,2013-03
671456,Chronic renal failure,2016-09
26054696,AF,2012-08
16413032,T2DM,2012-05
21419021,Diabetes,2015-11
4680272,Diabetes,2014-07
29072576,ICD10: E11,2014-03
6768281,ICD10: E11,2013-06
10135001,ICD10: E11,2012-03
22523069,AF,2016-06
44375417,ICD10: E11,2014-06
15773816,Diabetes,2013-10
35048441,ICD10: E11,2015-11
4407101,T2DM,2012-11
3152,ICD10: E11,2015-04
6840569,ICD10: E11,2013-04
31124792,ICD10: I48,2015-04
26874416,ICD10: E11,2016-11
3486521,ICD10: N18,2016-11
65203001,ICD10: I48,2016-06
12060344,T2DM,2016-08
33386957,A-fib,2014-11
1625357,ICD10: I48,2015-07
73240712,AF,2012-12
11690297,ICD10: I48,2013-10
17598521,ICD10: E11,2012-08
11186552,T2DM,2015-09
29616761,Diabetes,2014-03
5387069,CKD,2014-07
90056,ICD10: E11,2014-03
21547469,ICD10: E11,2014-04
212537,ICD10: E11,2016-06
13092032,ICD10: E11,2014-02
